text_customer,text_delta,ground_truth_intent,escalate_boolean,escalation_reason
Luci at @Delta deserves all the awards for helping me get on a new flight so can make it home today. I'd be stranded 🙌🏼 #flightdelays,"@543037 Ashley, I am happy to hear about your experience with Luci. I will be glad to forward your comments on to her leadership team.  *TBW",Praise_and_Feedback,False,
@Delta noticed that there isn’t an option to buy FC upgrades on app seatmap for all upcoming flights Is this function gone or no more UGs,@606229 In that case it usually is not avail on that flight if it does not offer it. Thank you for checking with us.  *HRO,Flight_Status_and_Upgrades,False,
"@Delta Thanks for the info, ALA. What are my other options to be upgraded? I appreciate your help!","@785220 At the moment, we still have Upgrade With Miles available on you flight. *AMV",Flight_Status_and_Upgrades,False,
"Hi.@Delta, I'm visiting soon &amp; would love to see the #SkyClub but not a member though- Atlanta, GA ( https://t.co/Zv492MZpcc",@197258 Good morning! You can purchase a single visit pass for $59.00. It's such a great experience in there! *TBW,Baggage_and_Amenities,False,
Just boarded our @Delta flight to find a @44228 song playing throughout the cabin. What a delightful surprise!,@663666 So happy you enjoyed the music! Have a great flight.  *TMS,Praise_and_Feedback,False,
"@Delta Thanks, DM sent.",@430873 Please provide the confirmation or ticket number so I can check on this for you.  *HPL,Needs_Context_or_DM,True,Customer transitioned to direct message; requires human agent to monitor private inbox.
"@Delta was promised a refund and never got it. Delta agent was rude, repetitive and you now lost a loyal customer",@321077 Rude behavior is unacceptable and not the impression we want to portray to our customers.  *HML,Refunds_and_Complaints,True,Billing/Refund dispute; requires financial human agent to inspect and resolve.
@Delta Thanks !,@333951 You're very welcome! *ABN,Praise_and_Feedback,False,
Got bumped to Delta Comfort+. Great experience with @Delta on the US-Europe sector. The eyepad amenity kit was great for sleeping #Skymiles,"@410643 Hi, Masoom. Congrats on the bump to Comfort + and thanks for your public compliments of our services. *HJH",Praise_and_Feedback,False,
@Delta Anna Holger is a stone cold badass. She totally came through for me and deserves a goddamn promotion/raise/endless high-fives. 👍,@389917 Thanks for recognizing our employee Anna Holger. We appreciate that and we appreciate you! Thanks. *TLT,Praise_and_Feedback,False,
I literally just remembered that @Delta never reimbursed my family for our flight tickets like they said they were going to.😠😠😠,"@163465 HI Brittany. I'm sorry about that. Can you DM me the ticket numbers, and I'll be happy to check into this for you.  *TMS... 1/2",Refunds_and_Complaints,True,Refund dispute; requires human financial agent to look over.
"Out of all the airlines, I think @Delta is the safest. Great service and the cabin is always taken care of. Whenever I fly, it’s @Delta https://t.co/5r4vdxxNuA",@158913 Thanks! It is our pleasure to take care of you when you fly with us! 😊 *TDL,Praise_and_Feedback,False,
"@Delta Looks like there were broken seats in First Class on this plane. I get it, but why was I selected vs. someone else?","@219836 Oh wow I totally understand the frustration, Maulik. Did our flight crew provide any direction on next steps?  ^HDR",Refunds_and_Complaints,True,"Complain regarding physical inconvenience over damaged seats, should be handled by human agent."
@Delta has there been any confirmation yet on when Delta will fly the 747 for the truly final time?,"@353540 Good morning Stephen, we do not have that information just yet. *TBW",Flight_Status_and_Upgrades,False,
@delta I can't check in 'cause your app nor web page will accept my passport number!,"@613821 Oh no! I'm here to help. Please DM your confirmation number, here, for assistance.  *TSE https://t.co/6iDGBJAc2m",Flight_Status_and_Upgrades,True,"International check-in failure, requires secure passport verification and PII handling."
Waited 10 mins for @Delta gate agent to finish a personal call before she asked what I wanted. Customer service is dying,@788876 We're sorry to hear this. Please accept our sincere apology and know that we expect our gate agents to be courteous at all times.  *TJM,Refunds_and_Complaints,True,Staff misconduct and service complaint requiring supervisor review.
Thank you @delta for sucking. Stuck on the tarmac in Seattle.,@378039 Hello Thomas. I'm very sorry to hear this. Hope we can get you on your way shortly. *CTB,Refunds_and_Complaints,True,Service complaint which requires human agent to look over.
@824 boarding my plane and bag still says it's on the previous flight...,@412785 Hi Brian. Your bag is loaded on to your next flight.  *TMS,Baggage_and_Amenities,True,Possible glitch or service abnormality which requires immediate review.
This is bs for a 12+ hr flight @Delta.  I'm 6'5 so thought I'd be in front row.  Ap is misleading. https://t.co/lyW6MPAYjf,"@635904 Hello, Colby. If you need any help, let us know.  *ARD",Refunds_and_Complaints,True,"Service complain regarding flight experience inconvenience, should be handled by a supervisor."
"@Delta Special thanks to the amazing flight crew for their leadership, and for letting us know we are all part of the @Delta family now.",@525536 You are very welcome. We are honored to have you aboard. Thanks for sharing. *TAC,Praise_and_Feedback,False,
"Dear @Delta, without this country your company wouldn't exist. I expect a very public and sincere apology. Should be ashamed. https://t.co/maGBMsHsGE","@548479 ...Delta Honor Guard is one symbol of Delta’s pledge to the men and women of the armed forces, and it represents our broad... 2/4",Refunds_and_Complaints,True,"Frustrated customer complain regarding services, should be escalated to a human agent to look over."
@Delta DL1287. The pilot has instructed us to deplane as they’re not sure where the smell is coming from. Any chance to put me on another flight?,"@261047 Yes, I'd be happy to help rebook you. Please DM your confirm #.  *TJW https://t.co/6iDGBJAc2m",Flight_Status_and_Upgrades,True,"Question regarding immediate flight status, should be handled effectively and correctly by a human agent."
"Hi @delta the process of changing a flight online resulted in me turning my round trip ticket to Sydney into a one way 😭... fixed now.

VERY confusing design on your website. I could gladly help you fix it. #ux",@238350 I'm very sorry for the confusion in changing your flight online. Glad to hear you got it fixed. We are always here if you need further assistance.  *TJW,Praise_and_Feedback,False,
"@Delta Thank you. I had read the info and thought, “a video would certainly help this.” I’ll send my daughter from Japan to MSP next summer. I think the conditions are different for international UMNR.","@382840 Hi, Justin. I am glad that we were able to assist you with this matter. For any questions that you may have for UMNR's please contact 1-800-325-8847 as this is a dedicated line. Please tweet us, if you need us. Thank you. *ATJ",Praise_and_Feedback,False,
You need to provide them more space in the middle since my four flights I have seen 4 passengers hit by meal carts @delta @264816 https://t.co/E4s41J0DjM,@598330 We appreciate your feedback on this matter and will forward to Leadership. *AJY,Refunds_and_Complaints,True,"Inconvenience regarding several flight experiences, should be escalated to a human agent for review."
@Delta It was two moody gate attendants.  We all have bad days.  I'm pretty sure my flight will be enjoyable.  Takeoff DL2040!,"@700583 Please do reach back out to us if any assistance is needed, William.  *HMB",Refunds_and_Complaints,True,"Complaint regarding staff misbehavior, should be escalated to supervisor for further review."
@Delta DL 5733 and I cannot miss my shuttle to my families house,"@285507 Can you please DM me your confirmation number, so I can further assist you? *TMC https://t.co/6iDGBJAc2m",Flight_Status_and_Upgrades,True,Immediate update regarding the flight required. Best to escalate to a human agent.
@Delta Not any airport but like hypothetically do leave like from Saskatoon to New York,"@340602 Hi, Delta flights from Saskatoon to Minneapolis. *TMC",Needs_Context_or_DM,False,
I need a little assistance please @delta,"@683178 Hey Leo, how can I help? *TBT",Needs_Context_or_DM,True,"Detailed assistance required, best to assign a human agent."
@Delta @delta is the fare the same?,"@156661 Yes, I have availability and the same fare so the fee will only be $75 to change the ticket.  *TDH",Needs_Context_or_DM,False,
"Filling up (at @Delta Sky Club in Atlanta, GA) https://t.co/Up0K3phBkU",@179390 Thank you for flying with us today! *ALS,Baggage_and_Amenities,False,
"@Delta , 35 minutes to an hour 2 minute wait just to talk to a human about a flight??  Second time in 2 weeks has been like this.  HORRIBLE customer service!!!!!!    #understaffed   #customerlast #deltaairlines",@757206 I am sorry to hear about the long wait times for our reservations team. Is there anything I can help you with via Twitter? *TBW,Refunds_and_Complaints,True,"Negative customer experience complain involving delays, should be escalated to a supervisor for review."
@Delta thank you,@160220 Have a good day. *TMS,Praise_and_Feedback,False,
@delta. Flight 6211 yyz standing at gate over 45 min Agent leaves gate empty with 50 people in line.  Gone for 20 min,@487170 Have a great flight. Thank you so much for flying Delta! *TAC,Refunds_and_Complaints,True,"Complaint regarding staff misbehavior, should be escalated for review."
@delta my bags got loaded onto a flight to lax but im going to fll 🙈,@485241 Oh no! I am so sorry to hear this. Please follow/DM your confirmation number so I can check on this.  *HPL,Baggage_and_Amenities,True,Requires immediate assistance for baggage misplacing.
"@Delta you sent me weather waiver for 10.29, but when i go online it wont let me book a different flight","@436507 Hi, Ronny. Please DM your confirmation code, so we may be of assistance. Thanks.  *TMA https://t.co/6iDGBJAc2m",Needs_Context_or_DM,True,"Unable to book a different flight after providing a refund, should be escalated to a human agent for specialized support."
@Delta Monika at PIT D80 gate- thank you for gr8 customer service!,@326211 Thank you for sending in a compliment. I'm sure Monika will appreciate it. *ALS,Praise_and_Feedback,False,
@Delta stuck in SLC headed to SEA with flight 5 hours out 😢 What perks can my Delta @AskAmex card get me for a bump to an earlier flight?,"@302819 Hi, Del. Please follow/DM your confirmation # if you’re in need of rebooking assistance. Thanks. *AAB",Praise_and_Feedback,True,"Query about perks of a service, should be escalated to a human agent."
@Delta plane had to land in Richmond due to weather - now 2.5 hours delayed. We're being held on runway - can you tell us anything? DL4037,"@382627 Sorry for the delay, Alexia. Looks like estimated to depart Richmond at 10:45 pm. arriving to Raleigh at 11:38 pm.  *TSE",Flight_Status_and_Upgrades,True,"Requires urgent update regarding flight status, should be handed over to an operator."
"Digging the music as we board, @Delta. Nice touch. 👍🏻 (cc: @189623)",@116680 Thank you so much for reaching out to us and making your voice heard. We appreciate your feedback. Thanks for choosing to fly with us. ✈ *AMC,Praise_and_Feedback,False,
@Delta thank you for the Gold status.  Confused on 12 open seats in Premium plus and many frequent flyers sitting in the main cabin? #dl4114 https://t.co/6OA5GzZeqj,"@456535 Hi Joe, thanks for reaching out to us regarding this. Are you referring to Medallion members that weren't upgraded? *HKC",Praise_and_Feedback,False,
@Delta her misrepresentation of her ability assist me has me choosing to use another airline that doesn't give the hassle.,@444977 2/2 https://t.co/6iDGBJAc2m,Refunds_and_Complaints,True,"Complaint regarding staff misbehavior, should be escalated to a supervisor for review."
Haven’t flown @Delta in quite a while so just discovered the bag-tracking feature. Very cool! Well done!,"@601404 Thanks for the feedback, we are happy to hear you are enjoying the new updates on our Fly Delta App.  *AST",Praise_and_Feedback,False,
I come to JAX to enjoy some great golf but of course @Delta loses my golf clubs! #worstairline #deltasucks,"@406935 Hi,Thomas, I'm so very sorry to hear this, we will get your clubs to you as soon as possible.  *TRR",Baggage_and_Amenities,True,Immediate assistance required from human agent due to missing baggage.
@Delta No assistance needed...just 👀a Porsche Cayenne with an @Delta sticker rolling on the tarmac in Detroit,"@642682 It's nice, right?  *ABN",Praise_and_Feedback,False,
"@Delta flight 0955 from LGA to DTW delayed going to miss connect flight DL 4445. Cant get thru 2 cust ser, how do I rebook connect flight","@588880 Hello, Bernadette. Very sorry to hear about your delay. We must do better. Follow/DM your confirm # for rebooking assistance.  *ARD",Flight_Status_and_Upgrades,True,"Requires assistance with flight booking and rescheduling, should be handled by a human agent."
"@Delta Nope, just snapping a pic to my millennial kid at altitude on your paid Wi-Fi. 🤔🤔",@325651 No problem. None of the decisive that I mentioned are in effect until OCT1st.  *TCC,Praise_and_Feedback,False,
@Delta Is there no way of adding them now please? I like to be organised...How much will it be? One hold baggage per person is what we need.,@124029 The option is only available at the time of check in.   *HML,Baggage_and_Amenities,True,"Question regarding policy, should be accurately answered by a human agent."
@Delta Austin waitlist 881 but others around me are getting cleared by paying daily change fee. Not cool #platinumdoesntcount?,"@527791 Hi, Jennifer! Are you referring to the waitlist for First Class?  *HDG",Refunds_and_Complaints,True,"Customer inconvenience despite having higher tier subscription, should be looked over by a human agent."
@Delta Our flight is delayed 😞,"@322093 Hi, Meghan. I'm so sorry to hear about this. Please DM your confirmation #, here, for assistance.  *TSE https://t.co/6iDGBJAc2m",Flight_Status_and_Upgrades,True,Requires immediate and accurate flight status update by a human agent.
"@Delta Thank you, doesn’t detract from amazing service though and great planes, we loved the inflight geography quiz, son beat us both 😂 xxx",@145929 Have a wonderful day.  *HRO,Praise_and_Feedback,False,
#Disability focused charity struggling to get essential supplies on flight to PR. Any @Delta Diamond folks out there who'd like to weigh in? https://t.co/dj88SLhZdk,"@294000 We appreciate your support to Puerto Rico. Actually, you must submit a request via email to __email__ for baggage... 1/4",Refunds_and_Complaints,True,"Flight inconvenience, should be escalated and handled by a human agent."
"@Delta trying to check in, says it cant validate ticket. Can you check what is wrong?","@490434 Hi, Jochem. Let me take a look.  *AMR",Baggage_and_Amenities,True,"Cannot check-in for flight process, requires support agents."
"Boarded flight at 6:40 @ LAX. Deplaned at 9:20 still @ LAX, 4+ hr delay. Typical @Delta experience for me unfortunately. 0 for 3 in past yr.",@176270 Hello. Very sorry for the delay. We must do better. Follow/DM your confirm # for assistance.  *ARD,Praise_and_Feedback,True,"Negative customer feedback, requires attention of supervisors."
@235610 @Delta @4788 Had BOTH flights over thanksgiving with no wifi. Even got a notification to expect great upgraded wifi service on the flight back 🤷🏽‍♀️🙃,"@237323 Chelsea, I'm sorry about the Wi-Fi! Please, be sure to report the matter to our Wi-Fi partner Gogo at @116462 or 1.877.350.0038. They need to get details from you of any messages or details you got during your attempt. *AFM",Baggage_and_Amenities,True,"Customer did not get what service was promised, supervisor must look into it."
@Delta And to add insult to injury @Delta thanked me for reaching out to them. ?  3/3,@366952 Please know that your case is important to us and our *HML,Refunds_and_Complaints,True,"Complaint regarding flight experience, should be handed over to a human agent."
Beautiful sunset at JFK over a @Delta aircraft tonight https://t.co/amvXHDtQhE,@345350 Great shot! Thanks for sharing. *AMC,Praise_and_Feedback,False,
"Hi @delta, your air attendant just made me check my bag at gate because no room on plane. But please see video below. Looks full2me. https://t.co/Fcl0zPkBOv",@304503 ...overhead bin space but avoids delayed flight departure. I'm sorry for your frustration regarding this process. *ALA 2/2,Refunds_and_Complaints,True,"Complaint regarding staff behavior, should be escalted up to a supervisor."
"@Delta You had better reach out to me, and soon. Will be Platinum this year, yet your flight leaves 10 minutes early without me, &amp; no agents","@386645 Gerard, I am very sorry to hear about this. Can you please DM your confirmation number so that I can see what alternate flights can... 1/2",Refunds_and_Complaints,True,"Negative customer feedback, missed their flight by 10 minutes, should escalate to a human agent."
"@Delta Not the most awesome response, but it’s a response, I guess.","@176544 Hi Patti, I am very sorry to hear you did not receive good service on your flight DL1701. Please DM your confirm # along with some details of what happened. *TJW https://t.co/6iDGBJAc2m",Needs_Context_or_DM,True,"Redirect to a human agent review, since the customer needs an accurate and helpful assistance."
"@Delta you didn’t let me choose a seat at a base fair, stuck me in the back row with no window and no recline and no choice. HORRIBLE. #delta #deltafail #worstairline #flyjetblue","@721673 Listening to you and feeling your frustration with the way your seating arrangments went along the lines you've described. It's never our plan to create this disappointment. I will try to find your trip confirmation w/ your info, or please feel at ease to relay it to me if... 1/2",Praise_and_Feedback,False,
@Delta There are seats on a direct flight at 5:34. Can you PLEASE help me move to that? This is a huge pain in the ass.,@196823 Hi Jennifer. The direct flight from JAX-JFK is sold out. *ALS,Flight_Status_and_Upgrades,True,"User requires assistance in shifting seats, should be escalated to human teams."
"Another delay @Delta 
Thanks a lot.","@306863 Hi, Karen. I am so sorry to hear that. Pls, DM your confirmation number so that I can assist further. *TAY https://t.co/6iDGBJAc2m",Flight_Status_and_Upgrades,True,"Delay of customer's flight, escalate to a human agent to provide them with reasons for delay."
@Delta I have spent over 12 hours in the last 2 months on the phone with them and they have been close to useless. @delta bad reputation,@302645 I do apologize for the bag loss. I can give you the Baggage Service phone number to get someone in that department. 800-325-8224 *TMS,Praise_and_Feedback,True,"Multiple negative experiences from the customer, should require supervisor overview."
Amazing #movie selection on @delta's #A333,"@509979 Hi, Pablo. We are delighted you enjoyed the movie selection.  Thanks for enjoying the Delta Experience.  *AJZ",Praise_and_Feedback,False,
@Delta help!!! We’re going to be late because they have to re-move the plane to align the gate. - https://t.co/M2StxmMuoG,@189770 Hi there. I sincerely apologize for the delay. Please follow/DM your confirmation code or ticket number to better assist. *TKR,Flight_Status_and_Upgrades,True,Requires immediate flight status update. Should be accurately handled by human teams.
@Delta I'm really surprised you don't offer a direct flight between Portland and San Francisco. Any plans to add that route?,@321212 Thank you for your continued loyalty and have a great day. *HPF,Flight_Status_and_Upgrades,True,"Question regarding flight route policy, should be handled by relevant teams."
@Delta your companion pass search tool is THE WORST. Doesn't apply my pass even when I search from within the pass screen. Please fix.,"@655629 Hello, Angie! We appreciate your feedback. I will forward this information over for review. Thank you! *TCC",Refunds_and_Complaints,True,Complain regarding a search tool. Should be handled and fixed by human teams.
@Delta another awesome flight today ✈️👍🏻 received an upgrade and landed early. #myfavorite,"@418284 We love having you on board, Kristin. 😍 *ALA",Praise_and_Feedback,False,
"you should do food options for your veggie passengers, thank you @2960 @Delta @AmericanAir @116450 @120637","@414982 ...delta.com, or through Delta Reservations or an independent travel agent. Please, check the following link for more information:... 3/4",Praise_and_Feedback,False,
Shoutout to @Delta for the upgrade and stellar service this morning 👍. #KeepClimbing,"@655357 Hello, Eugene. Wow, great to hear this feedback! We thank you for choosing us! *ARD",Praise_and_Feedback,False,
@Delta flight crew on 1646 to CMH was top notch today 👏,"@135447 Hi, Courtney. Thank you for the shout out for the flight crew on DL1646 today! We appreciate you flying Delta. Have a good day.  *AJL",Praise_and_Feedback,False,
Thanks for selling me a “window” seat with no window @Delta.  Haven’t ever been less comfortable on a plane.,"@571274 Hi, Lisa, I'm very sorry to hear we disappointed you. Some of our aircrafts may not have an actual window at every seat.  *TRR",Refunds_and_Complaints,True,"Customer did not get a window seat despite paying for it, should be looked over by a human agent for handling."
Shout out to @Delta #2113 FAs and passengers for letting me deplane first. Made connection as the door closed. Thanks!,@249312 We are happy to hear that you made your connection!  *AFC,Praise_and_Feedback,False,
@DELTA How come everyone else I talked to on my cancelled flight got 9K points and I only received 7500??,"@424152 Hi, Jeff. I'm happy to look into this for you. Please DM your conf #, here, for assistance.  *TSL https://t.co/6iDGBJRMTU",Refunds_and_Complaints,True,"Question regarding cancelled flight refund, should be handled by relevant teams."
@Delta No it's not a problem!,"@158704 Phew, thanks for your understanding!  *AST",Needs_Context_or_DM,False,
@Delta Any chance the NYC wx waiver can be used to move a flight Monday morning to Sunday? Forecast suggests it'll still be nasty up here.,@232001 Hi Seth. Please follow/DM your confirmation code or tkt # to better assist. *TKR,Flight_Status_and_Upgrades,True,"Customer requires rescheduling of flight, should be handled by relevant teams."
@delta hi can I upgrade my seat via the app ?,@290405 ...800-221-1212.  *AJZ 2/2,Baggage_and_Amenities,False,
@Delta Thanks for taking care of us today Delta! You gave my grand boys their wings! https://t.co/98gzYc7MSw,@142974 You are very welcome. Thanks for choosing to fly with us. *AMC,Praise_and_Feedback,False,
"@Delta she asked her supervisor ""why does he need my name!"". Uhhh because you are a rude ******?? She needs serious training.",@443045 I will be sure to forward this tot the leadership team immediately.  *HPL,Refunds_and_Complaints,True,"Complain regarding staff misbehavior, should be escalated to supervisors."
"Everyone else is delayed, but I'm arriving early! Thank you to crew at JFK Terminal 4 gate B46 for getting me on a direct flight. @Delta https://t.co/1802BSW7C1",@335662 You're welcome Shannon! Glad they could help you! *TMS,Praise_and_Feedback,False,
@Delta  https://t.co/k4INoULYUw,@169770 Someone will contact you. Thank you for your patience and understanding.  *HCK,Needs_Context_or_DM,False,
@Delta Hope it’s transferable so I can send it to someone who will actually fly delta,"@773140 Collin, it is not transferable. *ACJ",Needs_Context_or_DM,True,"Requires context and assistance, should be redirected to human agents."
"@Delta hello guys. Could you please help me to make my check in?
 I’m in the flight # 2535 going to mex city. I cannot do it on the app","@417452 Hi, Alberto, unfortunately, we are unable to do check-in via this channel. I'm very sorry the app is not working and will forward... 1/3",Baggage_and_Amenities,True,"Requires assistance for flight check-in, and finds inconvenience on the app. Should be escalated to support teams."
@Delta All 3! I am thrilled! #onceeverythreeyearsphenomenon #thxdelta @delta https://t.co/TH5AhNFd6d,@416703 What a great way to start your morning! Enjoy the flight. 🚀 *TJF,Praise_and_Feedback,False,
@DELTA your app NEVER WORKS!!!!!!!!!!!,@123096 We will be sure to share your feedback with our Leadership Team. *AJC,Needs_Context_or_DM,True,"Complain regarding user experience, should be escalated to support teams."
@Delta I accidentally booked a fire exit seat when I should have booked a comfort seat instead. Is there a way I can switch it? Thanks,"@353642 For assistance, please follow/DM your confirmation number. *AMV https://t.co/6iDGBJAc2m",Flight_Status_and_Upgrades,True,"User requires seat switching, should be escalated to booking teams."
@Delta After all the horrible delays earlier in the year. Outrageous fees. Disappointing service. I think I will just status match w/ another comp.,@339923 We are a tweet away if you need us. *AFC,Praise_and_Feedback,True,"Negative user feedback based on multiple negative experiences, should be escalated to a human agent for review."
@Delta good morning i have a question regarding skymiles.,@744065 How can I help Connie? *ALS,Needs_Context_or_DM,True,"Redirect user to support channels, since they require assistance."
@Delta still NO ANSWER!,@213809 I do apologize for the delay. Just one moment.  *HSR,Needs_Context_or_DM,True,"User requires assistance regarding a query, and are waiting for a helpful response."
@Delta is the worst airline in the world! Moving someone's seats when they're travelling with a baby-without even telling us!,"@544254 I am sorry to hear that, Michael. Here is a link that better explains the rules traveling with children  https://t.co/6bFD4WFmCr *AFM",Refunds_and_Complaints,True,"Complain regarding mid-flight seat swapping, should be handled by relevant human teams."
@Delta Gladly,@312440 Great! We are here for you. *AMC,Needs_Context_or_DM,False,
"I'm at @Delta Air Lines Ticket Counter in Louisville, KY https://t.co/DY96wFFyQb","@287316 Curtis, thank you for your loyalty with us.  Enjoy your flight and let us know if you need anything.  *HYC",Needs_Context_or_DM,False,
Happy holidays from the busiest airport @Delta @122828 #flyhigh https://t.co/piEYWFhTdR,@276723 @251336 @274613 @116429 Lovely view! Thanks for sharing. ✈ *AST,Praise_and_Feedback,False,
@delta because of a mechanical issue my flights delayed and now my daughter will be stuck at daycare,@253718 Oh no! So sorry for the delay. Do you still need assistance with rebooking? *TJE,Flight_Status_and_Upgrades,True,"Requires information about flight delay immediately, should be handled by human agent for accuracy and transparency."
"@Delta Nope, but check that malicious spam domain and take it down please. https://t.co/iWa0Jg7Inn",@649277 We appreciate the feedback and we will look into this.  *ARD,Refunds_and_Complaints,True,"Complain regarding promo spams, should be handled by support agents as per policy."
@DELTA. Can I book a ticket on the delta app using sky miles?  What is the process?,"@559469 You certainly can. Just make sure that the option under ""Show price in"" has the selection of ""Miles"".  *ALA",Flight_Status_and_Upgrades,True,"Requires assistance in booking a ticket, human accuracy is needed."
"@Delta muchas gracias, me han tratado muy bien, y estoy muy agradecido con la atención y servicio prestado.","@205212 Hola, Juan! Muchas gracias por compartir tu experiencia con nosotros! Te lo agradecemos mucho! 😄 *HMB",Praise_and_Feedback,False,
"@Delta Will do so after I return to USA on Monday, 11/13/2007.","@478794 I apologize for the inconvenience, please reach out to us if you need any further assistance.  *TRR",Praise_and_Feedback,False,
Shoutout to the @Delta gate crew working flight 2154 JFK-PHX. Very informative and efficient. Great boarding of difficult 737. #keepclimbing,"@571204 Hi, Stephanie, wow! Thank you so much for the kudos, it makes me proud to hear the crew is taking great care of you. Have a great day! *TRR",Praise_and_Feedback,False,
"@Delta I'm so used to using @155550, I probably just didn't pay attention.  But now, I will definitely take advantage of knowing lol!","@307052 @155550 We look forward to seeing you onboard soon, and at SBN! *TBW",Praise_and_Feedback,False,
"Who do you recommend flying with? 
@Delta @AmericanAir @SouthwestAir or @116450","@390094 Hello, Cheyenne. Your business means a lot to us. *AFM",Needs_Context_or_DM,False,
"@655375 @133384 The good news Julie, is that you can still fly nonstop from OMA to @133384 on both @Delta and @SouthwestAir!","@300826 @655375 Hey, thanks Team @300826. 😄 Julie, we'd love to see you on a Delta flight real soon. ✈ Have a great weekend! ^HCH",Praise_and_Feedback,False,
First time on an airplane. Thanks @Delta for the wings! https://t.co/3Ej6PFCO4A,@334681 😍 Perfect! Thank you for sharing. Enjoy your flight.  *ATJ,Praise_and_Feedback,False,
".@Delta, why does DL 1097 smell like it's one big lavatory today?",@244958 Oh no' that's not good to hear. I will report the odor to our cabin maintenance crew. My apology for any inconvenience. *ALS,Refunds_and_Complaints,True,"Suspicious smell reported by the customer, should be escalated to human reviewer for explanation."
@Delta Tailpipe fire SDF to ATL. Everything in airport closed. Can a girl get snacks/drinks from the plane? #FirstClass #Delay #Delta #Fire,"@317045 Hey, Karin. I'm sorry for the wait this evening to depart. Please share your confirmation number via DM.  *HDG",Baggage_and_Amenities,False,
"Hey @Delta! This is pretty shitty after I've already filled out all your forms, chosen seats, entered payment, and hit 'COMPLETE PURCHASE'! https://t.co/H5DCAHfJyO","@608321 Hello, Nick. My apologies for the inconvenience. Fare prices are constantly changing as other customers are also shopping.  *HDG",Refunds_and_Complaints,True,"Negative user complain regarding user experience, should be escalated for accurate assistance."
Thanks @Delta for making sure my flight to Florida is stupid hot...maybe fix things with all that money I spend on tickets https://t.co/b4DycneVwG,"@537089 Hi, Dustin, I'm sorry for the inconvenience. Please provide the flight # for this flight and your confirm # *TJH https://t.co/6iDGBJAc2m",Refunds_and_Complaints,True,"Negative complain regarding user experience, should be reviewed by a human agent."
@Delta need more forethought I BZN when it snows. Should not have to wait for maint to get out of bed to clear ice from engine. Missed conn,@232799 My apologies for the delay of DL 730 due to weather of de-icing. Please let me know if you need re-booking. Thank you.  *HRO,Praise_and_Feedback,True,"User should receive transparent reason for delay, handled by human agent."
@Delta If you're going to go...go Delta!,@122808 Hi John. What is going on? *AMR,Praise_and_Feedback,False,
"@Delta well, ok then I guess that's that!",@206716 You’ve been a pleasure to tweet with. Have a wonderful day. *AFC,Needs_Context_or_DM,False,
"@Delta you’re doing amazing, sweetie https://t.co/6Q0XlUqVtN",@623177 Thank you for the shout out! *ALY,Praise_and_Feedback,False,
@DELTA 2 flights today no snacks no juice I’m appalled !!!,@363630 Sorry to hear that. Did you reach out to one of our attendants regarding this? *ALA,Praise_and_Feedback,True,"Customer expresses disappointment over not being given complimentary food, should be looked over by a human agent."
Thank you for the information @Delta https://t.co/FMA6ZwwiPa,@371457 You are welcome. Thank you for choosing Delta. *TMC,Praise_and_Feedback,False,
"Wow @Delta, I guess being a loyal diamond medallion means nothing. Looks like failure is an option. #disappointed",@659998 Good morning to you. Please let me know how we can help.  *HSD,Needs_Context_or_DM,True,"User requires assistance regarding a negative experience, should be accurately handled by a human agent."
"@Delta Sure, that would be appreciated.","@700573 I just emailed the voucher to your email, it is also under your wallet on your Delta SkyMiles Account.  *TBT",Needs_Context_or_DM,False,
@Delta Whomever was at the Sky Priority desk this morning: he'd get a 1 - definitely would not hire that fella,"@217441 Thanks for your feedback, John. Do you have the agent's name? If so, please share it through DM. *HSL https://t.co/6iDGBJAc2m",Praise_and_Feedback,True,"Negative feedback regarding staff behavior, should be escalated to human agents."
@Delta @120943  Why do I pay for TSApre when it’s not available at ATL international terminal? Ridiculous! #waitinginline,@599038 Thank you for asking. Check this link https://t.co/D8vsggWVHA *TDL,Refunds_and_Complaints,True,"Complain regarding service policies, should be handled accurately by a human agent."
@Delta Thank you. I hope so too. Start of our honeymoon.,@694955 😍 congratulations! Thank you for flying with us. *ATJ,Praise_and_Feedback,False,
@delta 2602 update: finally landed. Of the 100s of 1000s of miles ive flown this was comfortably the worst experience I’ve ever had,@402101 Pls give me just a moment to look at your booking. *HKM,Praise_and_Feedback,True,"Negative feedback, human agent should look into resolving the issue."
@Delta please refer to case # 00337677 for previously sent complaint,@457234 Hello Dan. My sincere apologies for your inconvenience. Case numbers are assigned and processed by the Delta Corporate Customer Care  *HAN,Refunds_and_Complaints,True,"Customer needs assistance with previously filed complaint, should be handled by human agent."
"After flying 1 million #miles on legacy airlines - @Delta takes the prize!
#forwardthinking
#innovativeproducts
#customerservice
#airline","@391524 Hello, Dennis. Thank you for choosing Delta.  *AFM",Praise_and_Feedback,False,
"@Delta we are looking to book a large family, if we go basic economy is it reasonable to assume at least the children will be seated with an adult in our party not by themselves?","@261643 However, the seat selection is not guaranteed. We accommodate the seating for children 5 years and under.  *AFC",Baggage_and_Amenities,True,"Query regarding flight booking, should be accurately answered by human agent."
@Delta reboots me on a flight that arrives after my connection has finished boarding. What a joke.,"@130340 Oh no, let's take a look.  *ATJ",Refunds_and_Complaints,True,"Complain regarding flight reboot, should be handled by a human agent accurately."
@Delta Just need to print my boarding pass because it wasn’t digitally available,@288493 So are you checked in for your flight? *TMC,Praise_and_Feedback,False,
@824 @Delta,"@377318 @824 Hi, Leigh. My apologies for the issues. Please follow &amp; Direct Message your Delta confirmation # for review. *HJH",Needs_Context_or_DM,False,
@Delta #KeepClimbing  Mt. Hood #PDX #nofilter ✈️🔺🗻 https://t.co/MxQ6hQoxVt,@399309 Nice shot! Thanks for sharing and thanks for choosing to fly with us. ✈ *AMC,Praise_and_Feedback,False,
New Years resolution - never ever fly @AmericanAir ever again. Hopefully @Delta from now on,@785219 Hey Dan! Welcome to Delta! We are more than happy to have you on board. See you soon! 😊 *TKR,Praise_and_Feedback,False,
@Delta maybe my app is just defaulting to that? https://t.co/wp3W0USg9p,@316523 It would depart from the Marine Air Terminal and that would be A.  *HEC,Needs_Context_or_DM,True,User seems to have an issue with the app's functioning. Should be escalated to support teams.
Great flight on @delta today. No delays or anything! Thanks!,@439117 Awesome! Thanks for flying on us! ✈ *TMT,Praise_and_Feedback,False,
Hey @Delta can u explain how flt#5973 has been delayed over 5 hrs &amp; then somehow the flight plan gets “lost”?? #NOTCOOL,@398856 ...you. *TSB 2/2 https://t.co/6iDGBJAc2m,Flight_Status_and_Upgrades,True,"User needs urgent flight status update, should be accurately handled by concerned staff."
"@DELTA Can I check a bag that weighs 72 lbs? I'm fine with any fees, just want to check on the process, if any. Thx","@120103 Brian, I am double checking on this for you right now.  *HDG",Baggage_and_Amenities,True,"User needs a detailed and accurate policy guide regarding baggage, should be handled best by human agent."
Thanks @Delta for a great flight from BNA to ATL.  Amazing flight crew. Special thanks to John!,@170189 Thank you! We strive to hear these answers from our passengers. Glad you enjoyed your flight. *TCC,Praise_and_Feedback,False,
"@Delta, The Shut Up Sisters would like to thank the amazing Orlando based flight crew #1254 for grace under pressure in dealing with annoying passengers.","@296523 Hello, there. You know we love to hear that. We will be happy to forward this to their leadership team. Thanks for tweeting us today. 😊 *TAY",Praise_and_Feedback,False,
Thanks @Delta for the warm welcome. https://t.co/pR80vhPYVf,"@261333 Very nice, Ralph. We have some of the best flight attendant's in the sky! Have a great flight. *HSL",Praise_and_Feedback,False,
@Delta I have sent a DM with details. Please review including boarding gate footage of only Asians being asked to hand over unlocked cabin bags.,@266315 Thank you for sharing the details of your experience. Please allow me a moment while I review.  *HJB,Refunds_and_Complaints,True,"Complaint regarding staff behavior, should be handled carefully by a human agent."
"@Delta I’m hanging in there, and you guys are my preferred airline as my history shows. Just wish you’d be real earlier when there are delays. Just now deplaning and still showing on time for a 5:48 departure. No way.",@393696 I definitely understand. I see the boarding process has begun and we will try to have you and your husband on your way to FLL. We truly appreciate both of your loyalty to us.  *HYC,Flight_Status_and_Upgrades,True,"Inconvenience regarding flight delays and rescheduling, should be handled accurately by a human agent."
@Delta sent a DM,"@281834 It looks like the flight was changes by one of our representatives, Ravi. *ALA",Needs_Context_or_DM,True,"Customer has sent a DM, and requires human assistance."
@Delta I am trying to change my flight due to a time change affecting it and I keep getting an error message - please help,"@463109 Hi there, sorry for the trouble. Please follow and DM your confirmation number.  *HVI",Flight_Status_and_Upgrades,True,"User is trying to rescehdule their flight, and should be escalated to relevant human teams for best support."
On my flight there are 2 empty comfort+ seats and a long upgrade list. Why were passengers not upgraded to the empty seats? @delta https://t.co/GdeGwmbaqv,"@377568 Hi, there. Were you able to speak with the gate agent regarding your upgrade status? *AAB",Refunds_and_Complaints,True,"User is giving a complain on passangers not being able to upgrade their seat despite availability, should be handled by relevant human teams."
@Delta One - 20 year NYC Police officer (retired) she was engaging.  Hope you feature her in your excellent inflight magazine!,@517778 Thank you for your positive feedback and thank you for choosing Delta. Have a great night.  *HPF,Praise_and_Feedback,False,
@Delta Asking customer care to reply the complaint I've made on July 5th after being mistreated by your staff =),@449479 I'm sorry. Did you call in &amp; talk to a rep or did you file this via the website? *TMT,Refunds_and_Complaints,True,"User requires assistance with a filed complaint regarding staff misbehavior, should be handled by supervisors."
"@824 abysmal job handling MIL &amp; SIL luggage AMS-MSP. One lost, one soaked. What’s going on? Expect better from top tier airline","@335629 Oh no, I'm very sorry Michele, Our Baggage Team can look into this for you @ (800)-325-8224. *TBT",Refunds_and_Complaints,True,"Customer is giving a negative feedback about luggage damage, and should be assisted as per policy for the damage."
@Delta another delay in Chicago!  Trying to get to Minneapolis taking off at 8:33 and plane not at gate!!,@381258 Oh no! I'm sorry about the multiple delays. We hope to have you on your way soon! *TCH,Flight_Status_and_Upgrades,True,Passanger requires urgent update regarding their flight status. Should be accurately handled by a human agent.
"@Delta Hi, I’m on DL5739 tmrw then DL9337. What’s the earliest I can check my bags in pls? Thanks",@399015 But no more than 6 hours in advance of your departure time. *HJH,Baggage_and_Amenities,False,
@Delta shout out to Robbie B gate 84 PIT.  Orig flight delayed he rerouted me so I️ will be on time to greet my 84yo Mom arriving in ORD💎,@509785 for sharing this awesome feedback! 😊 *HAN,Praise_and_Feedback,False,
"@Delta, Chris is the best ever on DL0340!!! I want him on every #Delta flight going forward!!! Love great flight crew!!","@645929 I will let his leadership teams know. For your privacy, pls follow &amp; Direct Message your Delta confirmation # for reference.  *HJH https://t.co/6iDGBJAc2m",Praise_and_Feedback,False,
"Seriously...? I am tall,  but not tall enough to be this uncomfortable for an entire flight @Delta https://t.co/pTiekNWVEt",@193039 ...seat since they both have extra leg room. *HPL 2/2,Refunds_and_Complaints,True,User has a complaint regarding inconvenient flight experience. Should be handled by a human agent.
"@Delta I don't want to do for the future, I'm sending how it's shows in the app. I bought and upgrade like this but I got a main cabin seat. 😡",@124928 I'm only showing a purchase from EZE to ATL on 25Oct.  *HML,Flight_Status_and_Upgrades,True,"User is expressing disappointment over a problem in the app, and should be handled by relevant human support teams."
@Delta Who can I talk too about the issues I have had the past few weeks.,@400866 The flight DL1767 was canceled because of a weather diversion the night before. It was not safe for them to land.  *TMS,Needs_Context_or_DM,False,
"Dear @Delta;

If an airport needs a TRAIN to go from one gate to another, 

IT'S TOO DAMN BIG!!!!!!","@121191 I understand what you are saying &amp; my apologies for the gate change. Yes, the flight is schedule to depart in 45 minutes from gate C7  *HJH",Praise_and_Feedback,False,
Never ever tire of this view. Thank you @Delta. #dc https://t.co/O1Vmi20AuT,@388357 Awesome picture. Thank you for sharing.  *TDH,Praise_and_Feedback,False,
@Delta always the best service !! https://t.co/mrvITj74TM,@574023 Awww. Look how cute! Thanks for sharing and for allowing us to be your ride in the sky! ✈ *TSL,Praise_and_Feedback,False,
"@Delta We are being treated worse than cattle here. Delays, no where near enough seats for 12+ planeloads...
Not Good!
Then we get to fly packed into seats designed for 5th graders?",@121191 I show that your flight is delayed due to ground stops in Atlanta due to thunderstorms.  *HJB,Refunds_and_Complaints,True,User is giving a serious complaint which requires human attention.
"Please help me, @Delta. Flight was delayed, but app and website failing to let me change. Phone support wait is 2 hours.","@477800 Hi Tom, please DM me your confirmation number so I can see how I can help. Thank you.  *TMB https://t.co/6iDGBJAc2m",Flight_Status_and_Upgrades,True,"Passenger needs urgent and accurate assistance due to a delayed flight, and regarding its rescheduling."
OK..... @Delta social team FTW 👊  thanks mucho 😁,@447768 You are very welcome. Tweet anytime! Have a great evening! *TMS,Praise_and_Feedback,False,
@Delta Hello! Can you please confirm that I have Indian veg Hindu meal on my trip from BOM-RDU?,"@720978 Hello! Yes, the Hindu meal is requested on both of your flights, from BOM and from CDG.  *TSL",Baggage_and_Amenities,False,
So I don’t get why I requested to add my miles from this past sept to my @Delta sky miles and its saying I have 0 miles what the hell.,"@212715 Hi there, please follow and DM your SkyMiles account so I can take a look. https://t.co/6iDGBJAc2m *AST",Baggage_and_Amenities,True,"User has an issue regarding the app experience, and should be escalated to support teams."
"Trying to surprise my brother for his 30th..but stuck at RDU 😔 (def understand maint issues tho, Safety first) @Delta #delay","@322759 Hello Danielle, I am sorry for the delay of your flight, causing you to miss your brother's birthday.  Please also forward your... 1/2",Praise_and_Feedback,False,
@Delta please let DL5260 off shaking plane or at least have crew tell us why we are shaking,@731526 My apologies for your experience. I hate we didn't meet your expectations. *HEC,Refunds_and_Complaints,True,Active tarmac delay and passenger distress; requires immediate human operational check and de-escalation.
@Delta I got to my gate 2 min late ( thanks broken TSA machine) solutions?,@464009 Sorry to hear you arrived late. Please share your confirmation number via DM.  *ALA https://t.co/6iDGBJAc2m,Flight_Status_and_Upgrades,True,Stranded passenger requires urgent rebooking; needs human agent to access PNR (Confirmation Code) and secure a seat on the next flight.
@Delta Out because my wife is upset and I call. This after the issue earlier today. Why is delta insisting on treating me like crap? (3),@179244 Hi there. I am very sorry for any inconvenience this has caused.  *HSD,Refunds_and_Complaints,True,"Passanger is complaining regarding inconvenient experience with the airlines, should be handled by a human agent."
@Delta Comfort seats were available when I tried to speak to the gate agent who blew me off at first. Fun trip all around. No #tsaprecheck &amp; this!,"@211392 That should not have happened, and I sincerely apologize for the gate agent's actions. *CJE",Praise_and_Feedback,False,
"@Delta Great, that doesn't help one bit. They are asking for an itinary number  that I don't have since it didn't get booked at Expedia. This sucks. Now  he has to sit and wait for 6 hours for his flight home, after being  away for five weeks. Thanks for nothing Delta.","@802064 We have no problem helping you to make the change. We suggest that since this was booked yesterday, that you go through whom it was booked through to avoid fees. If you would like him to be on the 12:19 pm flight, I can help make that happen, however, your fare rules apply. *TBW",Refunds_and_Complaints,True,"Customer is complaining about a bad experience, and should be handled accurately by human agent."
"Another week, another #traveltuesday heading back home to South Carolina aboard @delta after… https://t.co/9XuuE0mAfH","@290292 Hi, Jason. Thanks for traveling with us today. We appreciate your loyalty. See ya soon! 🚀 *TJF",Praise_and_Feedback,False,
@Delta RE: DL 5444 still no plane or gate agent at D11 in ATL. Are you sure flight hasn’t been canceled??,"@116339 Hi Charlie, it looks like the flight has arrived at the and should be boarding. *HKC",Flight_Status_and_Upgrades,True,"Customer needs urgent flight status update, and should be accurately handled by human agents."
@Delta Dope! DM me for my address. I'm open to other promotional products as well 😂,@158656 You may follow us via Twitter.  *TDH,Praise_and_Feedback,False,
@Delta terminal 3 sky club wifi is HORRIBLE!,"@316315 Oh, no. This is not good to here. Please let the agents in the Sky Club know that you are having trouble with the wifi. *HTP",Refunds_and_Complaints,True,"Complain regarding poor service, should be handled by supervisors."
@Delta Oops FRA to ATL.,"@608255 I'm sorry to hear the lunch was unsatisfactory. We appreciate your feedback and will use it to improve your experience, going forward. *ASK",Needs_Context_or_DM,False,
@Delta then coffee maker on the plane was broken. Instead of arriving at 6PM Halloween I got in at 8PM. All because of your labor shortage,"@117523 I am truly sorry for the delay you experienced, Eric. Please give me one moment to look further into this. *HEM",Refunds_and_Complaints,True,"Complain suggests a poor service, and should be handled by human agent for the delay."
@Delta I left my (beloved) jacket on Flight 1833 yesterday (SLC to CVG). Who can I contact?,@467194 ...https://t.co/PFXvMptCcO *HEM 2/2,Baggage_and_Amenities,True,"Missing baggage query, should be handled responsibly by human agent."
@Delta your app isn’t working.  I can’t book flights from MSN to CUN on miles only,"@544176 Hi Ethan, I apologize the app is not working correctly. For Award bookings, you can contact our Awards department at (800) 323-2323.  *TMB",Refunds_and_Complaints,True,"User needs support booking flights from the app, human agent can support them accurately."
"#tmw your #servicedog @31032 makes friendly with @Delta boarding staff, and you get #priorityboarding on your flight home. #travelwin #thanksgivingtravel #workingdog #shesworkingit https://t.co/a7TTRqhsbi https://t.co/jM5gI4V7ps",@283270 Thank you for flying with us. Enjoy your flight.  *ATJ,Praise_and_Feedback,False,
"@Delta Delta Gold, so Delta only got one of my bags switched during a connection, what gives?  2nd checked bag on a diff flight, what gives?",@342267 Hi Matthew. I am so sorry for the inconvenience. Have you filed a claim with Baggage Service at the airport? *TKR,Baggage_and_Amenities,True,"User has a complain regarding baggage misplacement, and should be handled immediately by a human agent."
On the escalator to terminal A. 7 minutes into boarding. Fuckers better let my sweaty ass on this plane! @Delta,"@219872 Hi, Michelle, so happy to hear you made your connection. Have a great flight!  *TRR",Refunds_and_Complaints,True,"Complain involves slow proceeding, and should be handled carefully by a human agent."
@Delta I think I’m all set. She was able to make the change for me but I am waiting on a seat for my connection,@201164 ...should be able to check in.  *HKS 2/2,Praise_and_Feedback,False,
@Delta I need my skymiles acct unlocked/pw reset 2674642281 haven’t flown with y’all in a bit and I want to put my known traveler # in,@187962 Uh oh! We certainly hate when that happens. I'd be happy to assist you with that. Can you please DM conf here #? 😃 *TJN... 1/2,Needs_Context_or_DM,True,"Since the user requires assistance, direct them to human support channels."
"called the advertised number for @339433 and asked to book a flight. The agent booked the flight but confirmation came from @Delta. I didn’t want DL or else I would have called them. For both companies, why are you misleading your customers?","@606052 Hi, there. Our apologies for the misunderstanding. If you would, please share your confirmation number via the link below for review.  *AFN https://t.co/6iDGBJAc2m",Refunds_and_Complaints,True,User requires clarification and assistance on flight booking and confirmation. Human agent needed.
@Delta whats the point of having an upgrade list if you don't follow it?  4 seats open STT to ATL but the first 4 om the list don't get the UG?,"@727635 Hi, Mark, I'm sorry to hear your disappointment. I looked over the cleared list and the 4 seats were given to customers that were confirmed on a purchased First Class ticket that were awaiting seats at the gate because they were a group of 4 trying to sit together.  *TRR",Refunds_and_Complaints,True,User has complaint regarding inconvenience of seat upgrade. Should be handled by relevant teams.
#DeltaProud to be part of the @Delta #Delta #A350FirstFlyersClub this Monday! #KeepClimbing https://t.co/jqf8UVKn74,@136892 Congrats and Happy Travels! *HJH,Praise_and_Feedback,False,
I also want to thank @Delta for casually fuckin up my day 🙃. Fix your planes please and don’t be vague with details when it comes to our safety 😉.,"@791332 Hi Jeffrey, I am very sorry for the delay that is causing an interruption of your travel. If we can be of any assistance rebooking, please DM your confirm #.  *TJW https://t.co/6iDGBJAc2m",Refunds_and_Complaints,True,"Complain regarding passanger safety and plane mainetenance, should be reviewed by supervisors."
@Delta how does my friend purchase a basic economy seat and get exit row seating when i purchased an economy ticket and got worse seating? #AreYouSerious?,"@622877 Hi Nick, basic economy seats are the seats that were left over. it so happened that exit row seats is what were left over. *TMC",Refunds_and_Complaints,True,"User is complaining against an unfair seat booking, should be looked over by human agent."
"Hey @Delta, you need to really thank the gate agents @18046 for working through the broken plane situation this morning.","@245367 Thanks, we're glad to know we're exceeding our expectations. *AJY",Praise_and_Feedback,False,
@Delta I have missed my meetings because we are late. You guys have to do better. I paid to upgrade my flight to first class and I am disappointed,"@127010 Please provide your confirmation number, and I will be happy to check into this for you.  *TMS https://t.co/6iDGBJAc2m",Flight_Status_and_Upgrades,True,"User is showing disappointment with delayed flight and also claiming a waste of money for the upgrade, they should talk to a human agent to resolve this issue."
@Delta @120944 Thank You I will,@271274 You're most welcome. :-) *AAB,Praise_and_Feedback,False,
@DELTA I believe I left a sweatshirt on a plane  how would I go about getting it back?,@608440 I'm sorry to hear about that. Fill this out and that will start the process of getting your sweatshirt back.  https://t.co/PFXvMptCcO *TAC,Baggage_and_Amenities,False,
"@824 DL420 today, poor check in process. What happened to priority boarding?",@422908 I do apologize if this did not happen today.  *TMS,Baggage_and_Amenities,True,"User has inconvenience regarding priority boarding and poor services, should be handled by human agent."
@Delta I just managed to checking thanks,"@222261 Okay, that is great! I'm sorry for the difficulty you experienced. Thank you for reaching out to us via Twitter. Have a good day. 😊 *AJL",Praise_and_Feedback,False,
Still sitting on this @Delta plane.... still not moving... scheduled departure 5 hours ago. Been awhile since status report. Just want to go home.,@355428 I apologize for your delay and any inconveniences that it may have caused. We are here if rebooking assistance is needed.  *ATJ,Flight_Status_and_Upgrades,True,Customer needs urgent status of the plane's delay. Should accurately be handled by a human agent.
@delta thanks for the middle seat when I had a perfectly good aisle seat.,"@445354 Lester, I am so sorry for the seating issue.  *HPL",Refunds_and_Complaints,True,User is issuing a complaint regarding seat swapping to a more inconvenient seat. Should be handled by a human agent.
Lady at the desk: “I want 10k MQM because I had to get on a bus” 😂 #itsok # PPLrStupid #delay #DAL33 @delta,@213181 and the estimated time of arrival is 10:08 pm.  *HKS,Needs_Context_or_DM,False,
@Delta Some compensation for wasting my entire Friday night on-board a lukewarm jet oven and missing my connection would be nice.,"@190292 Oh my, Matt. Please follow/DM your confirmation number to this link. *ACJ https://t.co/6iDGBJAc2m",Refunds_and_Complaints,True,User is asking for compensation due to delay and poor service.
@Delta Too late. Not given my seat and flight attendant blamed on me for “not checking in twice” which I did. She said I would ha e to prove it!,@388626 Very sorry to hear.  *ARD,Refunds_and_Complaints,True,"Complain regarding rude staff behavior, should be overlooked by supervisors."
@DELTA in the clutch again for excellent customer service.  Thanks and a mighty shout out to Agent *ALS ;),@759077 We love to hear that passengers are happy with the service we provided. Have a great day. *TAS,Praise_and_Feedback,False,
@delta much appreciation to your telephone rep Kavaughn - extremely customer centered and stellar customer service skills! 👍🏻✈️,"@518894 Thanks for the shout out, Karen. So glad Kavaughn gave you exceptional customer service.😊 *ALA",Praise_and_Feedback,False,
"@Delta thanks, but I think rebooking is tolerable if I wasn't spending all night at an airport.
The frustrating part is that this is like the third time it's happened to me this year.",@413361 I can certainly understand your frustration. Please DM us your confirmation via this link.  *ALA https://t.co/6iDGBJAc2m,Refunds_and_Complaints,True,"User has a negative experience with flights, and has happened multiple times. Should be redirected to a human agent for resolving."
@Delta I just did and it's not in there either.,"@249310 If you DM the receipt number, I'll try to send it again.  *TMS https://t.co/6iDGBJAc2m",Needs_Context_or_DM,False,None
@Delta but ill be able to get through security with the boarding pass?,"@633833 Yes, there should be no problems with your name. *TBT",Baggage_and_Amenities,False,None
@Delta do you regularly downgrade your full fare passengers without notification/refund? Gate agents found nothing wrong with this practice,"@540441 I'm sorry Stephanie, can you DM your confirmation # to the link provided? I will look into this.  *TBT https://t.co/6iDGBJAc2m",Refunds_and_Complaints,True,"Customer is complaining about poor service and treatment by staff, this should be handled by supervisors."
@Delta Terrible service from #delta continues. Over 2 months now and no reasonable communication even. Kicking my lost luggage into the long grass?,@169770 I am sending another message to request an update from our Leadership Team. We truly apologize for your experience.   *HCK,Refunds_and_Complaints,True,"Customer is complaining about a terrible service and missing luggage, should be redirected to support channels."
